Name,Gender
Ravi,1
Mrunal,0
Muskan,0
Bobby,1
Monali,0
Hetul,1
Kinal,0
Chanchal,0
Samreen,0
Pinkesh,1
Gopal,1
Deepak,1
Laxmi,0
Lalita,0
Shanta,0
Raj,1
Prema,0
Nadiya,0
Mumtaz,0
Sandeepa,0
Raghav,1
Manju,0
Sooraj,1
Mugdha,0
Rinkesh,1
Nvya,0
Prashant,1
Natasha,0
Neelam,0
Heetu,1
Rajkummar,1
Supriya,0
Vaibhav,1
Chandni,0
Jitendra,1
Harshvi,0
Vrunda,0
Sayandip,1
Ritika,0
Dipsa,0
Ashmin,0
Tanya,0
Jaya,0
Shenaz,1
Avatar,1
Zarin,0
Sarvesh,1
Nevil,1
Athiya,0
Madhuri,0
Gautam,1
Daxit,1
Om,1
Dheeraj,1
Susil,1
Sanskar,1
Rashmi,0
Apurva,1
Akshar,1
Kajal,0
Aastha,0
Niyati,0
Harsh,1
Adaa,0
Nayan,1
Henil,1
Karan,1
Diva,0
Brinda,0
Arjit,1
Shruja,0
Harshid,1
Karan,1
Anjali,0
Amit,1
Veer,1
Rakhi,0
Anubhav,1
Naresh,1
Malik,1
Eram,0
Jash,1
Vrushal,1
Rakesh,1
Harshvardhan,1
Savita,0
Bhavya,1
Shailesh,1
Bhoomik,1
Nihar,1
Shaan,1
Rakshita,0
Zaid,1
Ramnik,1
Meenu,0
Trupal,1
Ruby,0
Aditi,0
Pragti,0
Nita,0
Akash,1
Dolly,0
Nehal,0
Tulsi,0
Popatlal,1
Sammir,1
Aravid,1
Sonam,0
Medha,0
Sanni,0
Dhaval,1
Hinal,0
Saira,0
Romil,1
Leenesh,1
Abhi,1
Mehtab,0
Siddhi,0
Fawad,1
Utkarsh,1
Urvisha,0
Shivanya,0
Siddhesh,1
Amisha,0
Mansi,0
Preet,1
Sheetal,0
Amita,1
Pavan,1
Shaila,0
Meena,0
Pankaj,1
Shahid,1
Anmol,1
Laxman,1
Zenil,1
Twarita,0
Shaurya,1
Amit,1
Virti,0
Shiny,0
Sabnam,0
Tanvi,0
Ieshaan,1
Payal,0
Nirali,0
Anas,1
Chandan,1
Vraj,1
kunjal,1
Deven,1
Manav,1
Mona,0
Ravindra,1
Vallabh,1
Anshul,1
Ameeta,0
Ishaan,1
Shraddha,0
Sanket,1
Shloka,0
Robin,1
Nimesh,1
Farhan,1
Vaishali,0
Akshat,1
Shabana,0
Manthan,1
Chandani,0
Babita,0
Nilesha,1
Pinku,1
Gaffar,1
Jitendra,1
Zeeya,0
Radhey,1
Mohini,0
Ranju,0
Anuradha,0
Panth,1
Visshesh,1
Rashami,0
Charan,1
Tejashri,0
Isha,0
Janki,0
Jigna,0
Swaran,0
Jasbi,1
Gauri,0
Pratik,1
Dhanvarsha,0
Tina,0
Shrut,0
Chitra,0
Erica,0
Devki,0
Nikki,0
Radha,0
Kavita,0
Ali,1
Dishank,0
Kiaraa,0
Asha,0
Dhruv,1
Dharam,1
Kamla,0
Jatin,1
Mitesh,1
Kesha,0
Hrutik,1
Devendra,1
Krupali,0
Binny,0
Heet,1
Parwati,0
Nia,0
Shaikh,1
Nikita,0
Meena,0
Sumeet,1
Karmveer,1
Nimrat,0
Aftab,1
Purbi,0
Ishavar,1
Aayushi,0
Sheen,0
Alia,0
Ishani,0
Lipsa,0
Yuvi,0
Valaji,1
Shubhas,1
Sabir,1
Monik,1
Praful ,1
Pal,0
Neel,1
Pravin,1
Sonya,0
Sandip,1
Omkar,1
Rishi,1
Randip,1
Saurbh,1
Hiti,0
Kaustubh,1
Sanjana,0
Nemish,1
Narayan,1
Mallika,0
Yogi,1
Abir,1
Omi,1
Vimal,1
Ruchita,0
Meghana,0
Meher,0
Avika,0
Ronak,1
Vaishaki,0
Nihal,1
Hiren,1
Saurabha,1
Virat,1
Akshita,0
Rushik,1
Grace,0
Rupa,0
Kartik,1
Sonam,0
Ruchi,0
Roopa,0
Minakshi,0
Darshika,0
Jainam,1
Roshan,1
Varun,1
Kamla,0
Swti,0
Devanshi,0
Vinu,1
Sanadhya,0
Niroj,1
Abhimanyu,1
Bhawati,0
Pinkesh,1
Hemlata,0
Iyer,1
Sharmila,0
Aftab,1
Rucha,0
Dipika,0
Punit,1
Karishmaashita,0
Dakshita,0
Dipali,0
Anuja,0
Deepak,1
Kavya,0
Pritam,1
Shrenu,0
Nagma,0
Nalini,0
Kanchan,0
Bhavdeep,0
Kadambari,0
Kiara,0
Vatsal,1
Subhash,1
Geeta,0
Paras,1
Ranchod,1
Manan,1
Nazim,1
Varun,1
Purvam,1
Jivan,1
Krunal,1
Kiran,0
Sanchet,1
Vakil,1
Lalita,0
Nilam,0
Smriti,0
Tara,0
Vineet,1
Nitesh,1
Yogita,0
Sonya,0
Jenish,1
Dugu,0
Mawara,0
Vaani,0
Rajan,1
jamuna,0
Bhanumati,0
Sangeeta,0
Vandna,0
Tirth,1
Neha,0
Gehana,0
Ekta,0
Shayra,0
Chitra,0
Veera,0
Jimit,1
Rajendra,1
Rati,0
Shusila,1
Divaraj,1
Darsh,1
Sanjay,1
Aruni,0
Indra,0
Prince,1
Kashvi,0
Mushk,0
Jayraj,1
Nirmla,0
Pratyusha,0
Iira,0
Rubina,0
Rinkesh,1
Neetu,0
Mahesh,1
Karanvir,1
Dixita,0
Sneha,0
Sapan,1
Keyur,1
Yesha,0
Prathamesh,1
Garima,0
Mouli,0
Poonam,0
Dharam,1
Viren,1
Taral,1
Eshan,1
Ali,1
Maya,0
Vivian,1
Srisa,0
Samir,1
Chitranshi,0
lavanya,1
Biren,1
Shakti,1
Sanjay,1
Sapana,0
Gulki,0
Kishan,1
Twinkal,0
Suman,0
Gopi,0
Marina,0
Yashvi,0
Priyanshi,0
Arisfa,0
Harshita,0
Purab,1
Jasmin,1
Moxil,1
Aakansha,0
Nisha,0
Rani,0
shakshi ,0
Manoj,1
Samiksha,0
Naina,0
Dravya,0
Ranveer,1
Pradeep,1
Toral,0
Drashti,0
Darsha,0
Aamna,0
Asha,0
Krish,1
priyal,0
Hasmukh,1
Nayan,1
Hardi,0
Gulshan,1
Rajesh,1
Manvi,0
Manish,1
Noor,0
Samir,1
Hinal,0
Manisha,0
Ruksana,0
Manu,1
Bhadresh,1
Juneb,0
Mishti,0
Madhvi,0
Jigar,1
Ramlal,1
Grishma,0
Jasvant,1
Nishit,1
Feni,0
Akshar,1
Yogeeta,0
Ishwak,1
Krishna,1
Helen,0
Krishna,0
Hetavi,0
Ritesh,1
Khyati,0
Namit,1
Jaya,0
Kiran,0
Mahima,0
Parash,1
Himeshreshammiya,1
Alekh,1
Kundan,1
Neetu,0
Alaya,0
Ronit,1
Prahlad,1
Uka,1
Yashaswini,0
Shubham,1
Manpreet,1
Tarun,1
Swati,0
Inder,1
Shlok,1
Heer,0
Ritesh,1
Shilpa,0
Meet,1
Jay,1
Daisy,0
Anshuman,1
Sadhana,0
Abhik,1
Rikesh,1
Shivaagna,0
Hardeep,1
Sarthak,1
Kripya,0
Nanda,0
Komal,0
Monica,0
Raunak,1
Kafia,0
Manhar,1
Murili,1
Sudev,1
Salim,1
Pragat,1
Baljeet,1
Ronak,1
Nutan,0
Lokesh,1
Noopur,0
Seema,0
Radhika,0
Sita,1
Shamil,1
Bhavik,1
Ravi,1
Kamala,0
Kavita,0
Ishva,0
Namrta,0
Vivek,1
Shivani,0
Saroj,0
Jayanthi,0
Amar,1
Vidhi,0
Sonal,0
Mansukh,1
kruti,0
Kriyesha,0
Kanika,0
Mansi,0
Gulista,0
Devika,0
Pari,0
Jenny,0
Sunil,1
Nadim,1
Leena,0
Dimpal,0
Pritesh,1
Fenil,1
Unique,1
Yuvaraj,1
Monika,0
Avinash,1
Pakhi,0
Sukhmani,0
Shiv,1
Prashant,1
Jitu,1
Govindh,1
Vrushali,0
Varun,1
Metri,0
Ketki,0
Sagar,1
Nishant,1
Nikhil,1
Kinjal,0
Sakila,0
Surbhi,0
Kirti,0
Khushi,0
Sumedh,1
Shivam,1
Vidya,0
Lavnya,0
Nisha,0
Abhiman,1
Anandi,0
Tyani,0
Kamal,1
karsan,1
Tosif,1
Hiari,0
Deepti,0
Palak,0
Sharda,0
Tripti,0
Kalyani,0
Vandna,0
Lavaji,1
Saroj,0
Madhu,0
Dilip,1
Satyarth,1
Sukhbir,0
Nikunj,1
Shyla,0
Bhanu,1
Harprit,0
Bhavika,0
Mithila,0
Gurmit,1
Brijesh,1
Nilam,0
Mrunal,1
Vijayta,0
Sana,0
Ashwin,1
Avira,0
Sahil,1
Atullah,1
Anusmriti,0
Jenish,1
Farida,0
Zeenat,0
Ranjeeta,0
Chahat,0
Nimmi,0
Vinay,1
Viral,1
Shanti,0
Kamlesh,1
Anil,1
Margi,0
Alisha,0
Ranjan,1
Anushri,0
Sanjiv,1
Rohan,1
Aahana,0
Vipul,1
Alok,1
Kalpana,0
Deepa,0
Raghu,1
Janvi,0
Gurpreet,1
Rajan,1
Jimy,0
Trupti,0
Neil nitin,1
Sara,0
Nikhil,1
Deepa,0
Bipasha,0
Mohit,1
Shrey,1
Sandali,0
Astha,0
Swamini,0
Nidhi,0
Sudhir,1
Brinza,0
Vikramjeet,1
Darshana,0
Taaha,1
Avneet,0
Devansh,1
devki,0
Ketan,1
Shyama,0
Kriti,0
Hema,0
Charmi,0
